{"cameraMode":{"drawMode":0,"name":"Shaded","section":"Shading Mode"},"sceneLighting":false,"audioPlay":false,"sceneViewState":{"m_AlwaysRefresh":false,"showFog":true,"showSkybox":false,"showFlares":true,"showImageEffects":true,"showParticleSystems":true,"showVisualEffectGraphs":true,"m_FxEnabled":true},"in2DMode":false,"pivot":{"x":1.6658053398132325,"y":2.0752227306365969,"z":-4.489017963409424},"rotation":{"x":0.004027486778795719,"y":0.9812422394752502,"z":-0.020618658512830735,"w":0.19166678190231324},"size":4.856314182281494,"orthographic":false}