{"cameraMode":{"drawMode":0,"name":"Shaded","section":"Shading Mode"},"sceneLighting":false,"audioPlay":false,"sceneViewState":{"m_AlwaysRefresh":false,"showFog":true,"showSkybox":false,"showFlares":true,"showImageEffects":true,"showParticleSystems":true,"showVisualEffectGraphs":true,"m_FxEnabled":true},"in2DMode":false,"pivot":{"x":-1.232894778251648,"y":-0.07343939691781998,"z":-0.35428887605667117},"rotation":{"x":-0.024675948545336725,"y":0.8998969793319702,"z":-0.05135848745703697,"w":-0.4323703646659851},"size":2.626189947128296,"orthographic":false}