{"cameraMode":{"drawMode":0,"name":"Shaded","section":"Shading Mode"},"sceneLighting":false,"audioPlay":false,"sceneViewState":{"m_AlwaysRefresh":false,"showFog":true,"showSkybox":false,"showFlares":true,"showImageEffects":true,"showParticleSystems":true,"showVisualEffectGraphs":true,"m_FxEnabled":true},"in2DMode":false,"pivot":{"x":-0.5335080027580261,"y":10.186542510986329,"z":-0.5403939485549927},"rotation":{"x":0.005215778015553951,"y":0.9898629784584045,"z":-0.13687938451766969,"w":0.03773202747106552},"size":5.963412761688232,"orthographic":false}