{"cameraMode":{"drawMode":0,"name":"Shaded","section":"Shading Mode"},"sceneLighting":false,"audioPlay":false,"sceneViewState":{"m_AlwaysRefresh":false,"showFog":true,"showSkybox":false,"showFlares":true,"showImageEffects":true,"showParticleSystems":true,"showVisualEffectGraphs":true,"m_FxEnabled":true},"in2DMode":false,"pivot":{"x":0.14867961406707765,"y":0.34798741340637209,"z":-0.044855911284685138},"rotation":{"x":0.05094272270798683,"y":0.8801839351654053,"z":-0.09703764319419861,"w":0.4619520902633667},"size":2.469599962234497,"orthographic":false}