{"cameraMode":{"drawMode":0,"name":"Shaded","section":"Shading Mode"},"sceneLighting":false,"audioPlay":false,"sceneViewState":{"m_AlwaysRefresh":false,"showFog":true,"showSkybox":false,"showFlares":true,"showImageEffects":true,"showParticleSystems":true,"showVisualEffectGraphs":true,"m_FxEnabled":true},"in2DMode":false,"pivot":{"x":0.14867961406707765,"y":0.34798741340637209,"z":-0.044855911284685138},"rotation":{"x":0.061633896082639697,"y":0.9235028028488159,"z":-0.16747985780239106,"w":0.33974382281303408},"size":2.0885727405548097,"orthographic":false}