{"cameraMode":{"drawMode":0,"name":"Shaded","section":"Shading Mode"},"sceneLighting":false,"audioPlay":false,"sceneViewState":{"m_AlwaysRefresh":false,"showFog":true,"showSkybox":false,"showFlares":true,"showImageEffects":true,"showParticleSystems":true,"showVisualEffectGraphs":true,"m_FxEnabled":true},"in2DMode":false,"pivot":{"x":-7.401411039609229e-7,"y":1.078999638557434,"z":-0.0000012315751973801526},"rotation":{"x":-0.03217241168022156,"y":0.9409295916557312,"z":-0.09346646815538407,"w":-0.3238672614097595},"size":4.459197998046875,"orthographic":false}