{"cameraMode":{"drawMode":0,"name":"Shaded","section":"Shading Mode"},"sceneLighting":true,"audioPlay":false,"sceneViewState":{"m_AlwaysRefresh":false,"showFog":true,"showSkybox":false,"showFlares":true,"showImageEffects":true,"showParticleSystems":true,"showVisualEffectGraphs":true,"m_FxEnabled":true},"in2DMode":false,"pivot":{"x":1.1224966049194337,"y":1.0856773853302003,"z":0.542661190032959},"rotation":{"x":-0.03412357717752457,"y":-0.9598633050918579,"z":0.13389943540096284,"w":-0.24444258213043214},"size":3.7365081310272219,"orthographic":false}