{"cameraMode":{"drawMode":0,"name":"Shaded","section":"Shading Mode"},"sceneLighting":false,"audioPlay":false,"sceneViewState":{"m_AlwaysRefresh":false,"showFog":true,"showSkybox":false,"showFlares":true,"showImageEffects":true,"showParticleSystems":true,"showVisualEffectGraphs":true,"m_FxEnabled":true},"in2DMode":false,"pivot":{"x":0.09045083820819855,"y":0.7893031239509583,"z":-0.11587174236774445},"rotation":{"x":0.033261097967624667,"y":-0.9662035703659058,"z":0.15966582298278809,"w":0.2000870406627655},"size":4.668858051300049,"orthographic":false}