{"cameraMode":{"drawMode":0,"name":"Shaded","section":"Shading Mode"},"sceneLighting":false,"audioPlay":false,"sceneViewState":{"m_AlwaysRefresh":false,"showFog":true,"showSkybox":false,"showFlares":true,"showImageEffects":true,"showParticleSystems":true,"showVisualEffectGraphs":true,"m_FxEnabled":true},"in2DMode":false,"pivot":{"x":0.09045083820819855,"y":0.7893031239509583,"z":-0.11587174236774445},"rotation":{"x":0.03178052976727486,"y":-0.9685096144676209,"z":0.1804095208644867,"w":0.16917723417282105},"size":14.239192008972168,"orthographic":false}