{"cameraMode":{"drawMode":0,"name":"Shaded","section":"Shading Mode"},"sceneLighting":false,"audioPlay":false,"sceneViewState":{"m_AlwaysRefresh":false,"showFog":true,"showSkybox":false,"showFlares":true,"showImageEffects":true,"showParticleSystems":true,"showVisualEffectGraphs":true,"m_FxEnabled":true},"in2DMode":false,"pivot":{"x":-0.4931952953338623,"y":3.5008797645568849,"z":-0.008922576904296875},"rotation":{"x":-0.12500333786010743,"y":-0.7613033056259155,"z":0.15417583286762238,"w":-0.6172847151756287},"size":3.4121193885803224,"orthographic":false}