{"cameraMode":{"drawMode":0,"name":"Shaded","section":"Shading Mode"},"sceneLighting":false,"audioPlay":false,"sceneViewState":{"m_AlwaysRefresh":false,"showFog":true,"showSkybox":false,"showFlares":true,"showImageEffects":true,"showParticleSystems":true,"showVisualEffectGraphs":true,"m_FxEnabled":true},"in2DMode":false,"pivot":{"x":0.002471468411386013,"y":5.507033824920654,"z":-0.26584047079086306},"rotation":{"x":0.045322470366954806,"y":-0.915274441242218,"z":0.10758694261312485,"w":0.3855626583099365},"size":5.395074844360352,"orthographic":false}